total_pokemon,avg_rating,median_rating,min_rating,max_rating,s_tier_count,a_tier_count,b_tier_count,c_tier_count,d_tier_count,f_tier_count,avg_bst_score,avg_type_score,avg_balance_score,avg_access_score
743,56.43501815785295,56.72368045258357,23.895439724782847,79.97205314231911,10,131,284,236,71,11,27.866539451579197,10.988715187907651,11.492995057317554,6.086768461048553
